layer,mapfile,wmslaag
gemeenten_niet_westerse_allochtonen,bevolking_herkomst.map,gemeenten_niet_westerse_allochtonen
wijken_niet_westerse_allochtonen,bevolking_herkomst.map,wijken_niet_westerse_allochtonen
buurten_niet_westerse_allochtonen,bevolking_herkomst.map,buurten_niet_westerse_allochtonen
gemeenten_westerse_allochtonen,bevolking_herkomst.map,gemeenten_westerse_allochtonen
wijken_westerse_allochtonen,bevolking_herkomst.map,wijken_westerse_allochtonen
buurten_westerse_allochtonen,bevolking_herkomst.map,buurten_westerse_allochtonen
gemeenten_marokkanen,bevolking_herkomst.map,gemeenten_marokkanen
wijken_marokkanen,bevolking_herkomst.map,wijken_marokkanen
buurten_marokkanen,bevolking_herkomst.map,buurten_marokkanen
gemeenten_antillianen_en_arubanen,bevolking_herkomst.map,gemeenten_antillianen_en_arubanen
wijken_antillianen_en_arubanen,bevolking_herkomst.map,wijken_antillianen_en_arubanen
buurten_antillianen_en_arubanen,bevolking_herkomst.map,buurten_antillianen_en_arubanen
gemeenten_surinamers,bevolking_herkomst.map,gemeenten_surinamers
wijken_surinamers,bevolking_herkomst.map,wijken_surinamers
buurten_surinamers,bevolking_herkomst.map,buurten_surinamers
gemeenten_turken,bevolking_herkomst.map,gemeenten_turken
wijken_turken,bevolking_herkomst.map,wijken_turken
buurten_turken,bevolking_herkomst.map,buurten_turken
gemeenten_overig_niet_westers,bevolking_herkomst.map,gemeenten_overig_niet_westers
wijken_overig_niet_westers,bevolking_herkomst.map,wijken_overig_niet_westers
buurten_overig_niet_westers,bevolking_herkomst.map,buurten_overig_niet_westers
gemeenten_niet_westerse_allochtonen_geo,bevolking_herkomst.map,gemeenten_niet_westerse_allochtonen_geo
wijken_niet_westerse_allochtonen_geo,bevolking_herkomst.map,wijken_niet_westerse_allochtonen_geo
buurten_niet_westerse_allochtonen_geo,bevolking_herkomst.map,buurten_niet_westerse_allochtonen_geo
gemeenten_niet_westerse_allochtonen_2010,bevolking_herkomst_2010.map,gemeenten_niet_westerse_allochtonen_2010
wijken_niet_westerse_allochtonen_2010,bevolking_herkomst_2010.map,wijken_niet_westerse_allochtonen_2010
buurten_niet_westerse_allochtonen_2010,bevolking_herkomst_2010.map,buurten_niet_westerse_allochtonen_2010
gemeenten_westerse_allochtonen_2010,bevolking_herkomst_2010.map,gemeenten_westerse_allochtonen_2010
wijken_westerse_allochtonen_2010,bevolking_herkomst_2010.map,wijken_westerse_allochtonen_2010
buurten_westerse_allochtonen_2010,bevolking_herkomst_2010.map,buurten_westerse_allochtonen_2010
gemeenten_marokkanen_2010,bevolking_herkomst_2010.map,gemeenten_marokkanen_2010
wijken_marokkanen_2010,bevolking_herkomst_2010.map,wijken_marokkanen_2010
buurten_marokkanen_2010,bevolking_herkomst_2010.map,buurten_marokkanen_2010
gemeenten_antillianen_en_arubanen_2010,bevolking_herkomst_2010.map,gemeenten_antillianen_en_arubanen_2010
wijken_antillianen_en_arubanen_2010,bevolking_herkomst_2010.map,wijken_antillianen_en_arubanen_2010
buurten_antillianen_en_arubanen_2010,bevolking_herkomst_2010.map,buurten_antillianen_en_arubanen_2010
gemeenten_surinamers_2010,bevolking_herkomst_2010.map,gemeenten_surinamers_2010
wijken_surinamers_2010,bevolking_herkomst_2010.map,wijken_surinamers_2010
buurten_surinamers_2010,bevolking_herkomst_2010.map,buurten_surinamers_2010
gemeenten_turken_2010,bevolking_herkomst_2010.map,gemeenten_turken_2010
wijken_turken_2010,bevolking_herkomst_2010.map,wijken_turken_2010
buurten_turken_2010,bevolking_herkomst_2010.map,buurten_turken_2010
gemeenten_overig_niet_westers_2010,bevolking_herkomst_2010.map,gemeenten_overig_niet_westers_2010
wijken_overig_niet_westers_2010,bevolking_herkomst_2010.map,wijken_overig_niet_westers_2010
buurten_overig_niet_westers_2010,bevolking_herkomst_2010.map,buurten_overig_niet_westers_2010
gemeenten_huishoudensgrootte,bevolking_huishoudens.map,gemeenten_huishoudensgrootte
wijken_huishoudensgrootte,bevolking_huishoudens.map,wijken_huishoudensgrootte
buurten_huishoudensgrootte,bevolking_huishoudens.map,buurten_huishoudensgrootte
gemeenten_huishoudens_eenpersoons,bevolking_huishoudens.map,gemeenten_huishoudens_eenpersoons
wijken_huishoudens_eenpersoons,bevolking_huishoudens.map,wijken_huishoudens_eenpersoons
buurten_huishoudens_eenpersoons,bevolking_huishoudens.map,buurten_huishoudens_eenpersoons
gemeenten_huishoudens_zonder_kinderen,bevolking_huishoudens.map,gemeenten_huishoudens_zonder_kinderen
wijken_huishoudens_zonder_kinderen,bevolking_huishoudens.map,wijken_huishoudens_zonder_kinderen
buurten_huishoudens_zonder_kinderen,bevolking_huishoudens.map,buurten_huishoudens_zonder_kinderen
gemeenten_huishoudens_met_kinderen,bevolking_huishoudens.map,gemeenten_huishoudens_met_kinderen
wijken_huishoudens_met_kinderen,bevolking_huishoudens.map,wijken_huishoudens_met_kinderen
buurten_huishoudens_met_kinderen,bevolking_huishoudens.map,buurten_huishoudens_met_kinderen
gemeenten_huishoudens_grootste_groep,bevolking_huishoudens.map,gemeenten_huishoudens_grootste_groep
wijken_huishoudens_grootste_groep,bevolking_huishoudens.map,wijken_huishoudens_grootste_groep
buurten_huishoudens_grootste_groep,bevolking_huishoudens.map,buurten_huishoudens_grootste_groep
gemeenten_huishoudensgrootte_2010,bevolking_huishoudens_2010.map,gemeenten_huishoudensgrootte_2010
wijken_huishoudensgrootte_2010,bevolking_huishoudens_2010.map,wijken_huishoudensgrootte_2010
buurten_huishoudensgrootte_2010,bevolking_huishoudens_2010.map,buurten_huishoudensgrootte_2010
gemeenten_huishoudens_eenpersoons_2010,bevolking_huishoudens_2010.map,gemeenten_huishoudens_eenpersoons_2010
wijken_huishoudens_eenpersoons_2010,bevolking_huishoudens_2010.map,wijken_huishoudens_eenpersoons_2010
buurten_huishoudens_eenpersoons_2010,bevolking_huishoudens_2010.map,buurten_huishoudens_eenpersoons_2010
gemeenten_huishoudens_zonder_kinderen_2010,bevolking_huishoudens_2010.map,gemeenten_huishoudens_zonder_kinderen_2010
wijken_huishoudens_zonder_kinderen_2010,bevolking_huishoudens_2010.map,wijken_huishoudens_zonder_kinderen_2010
buurten_huishoudens_zonder_kinderen_2010,bevolking_huishoudens_2010.map,buurten_huishoudens_zonder_kinderen_2010
gemeenten_huishoudens_met_kinderen_2010,bevolking_huishoudens_2010.map,gemeenten_huishoudens_met_kinderen_2010
wijken_huishoudens_met_kinderen_2010,bevolking_huishoudens_2010.map,wijken_huishoudens_met_kinderen_2010
buurten_huishoudens_met_kinderen_2010,bevolking_huishoudens_2010.map,buurten_huishoudens_met_kinderen_2010
gemeenten_huishoudens_grootste_groep_2010,bevolking_huishoudens_2010.map,gemeenten_huishoudens_grootste_groep_2010
wijken_huishoudens_grootste_groep_2010,bevolking_huishoudens_2010.map,wijken_huishoudens_grootste_groep_2010
buurten_huishoudens_grootste_groep_2010,bevolking_huishoudens_2010.map,buurten_huishoudens_grootste_groep_2010
gemeenten_leeftijd_014,bevolking_leeftijd.map,gemeenten_leeftijd_014
wijken_leeftijd_014,bevolking_leeftijd.map,wijken_leeftijd_014
buurten_leeftijd_014,bevolking_leeftijd.map,buurten_leeftijd_014
gemeenten_leeftijd_1524,bevolking_leeftijd.map,gemeenten_leeftijd_1524
wijken_leeftijd_1524,bevolking_leeftijd.map,wijken_leeftijd_1524
buurten_leeftijd_1524,bevolking_leeftijd.map,buurten_leeftijd_1524
gemeenten_leeftijd_2544,bevolking_leeftijd.map,gemeenten_leeftijd_2544
wijken_leeftijd_2544,bevolking_leeftijd.map,wijken_leeftijd_2544
buurten_leeftijd_2544,bevolking_leeftijd.map,buurten_leeftijd_2544
gemeenten_leeftijd_4564,bevolking_leeftijd.map,gemeenten_leeftijd_4564
wijken_leeftijd_4564,bevolking_leeftijd.map,wijken_leeftijd_4564
buurten_leeftijd_4564,bevolking_leeftijd.map,buurten_leeftijd_4564
gemeenten_leeftijd_65,bevolking_leeftijd.map,gemeenten_leeftijd_65
wijken_leeftijd_65,bevolking_leeftijd.map,wijken_leeftijd_65
buurten_leeftijd_65,bevolking_leeftijd.map,buurten_leeftijd_65
cbs_vergrijzing_gemeenten_65plus_1988,bevolking_leeftijd.map,cbs_vergrijzing_gemeenten_65plus_1988
cbs_vergrijzing_gemeenten_65plus_2009,bevolking_leeftijd.map,cbs_vergrijzing_gemeenten_65plus_2009
cbs_vergrijzing_provincies_65plus_1988,bevolking_leeftijd.map,cbs_vergrijzing_provincies_65plus_1988
cbs_vergrijzing_provincies_65plus_2009,bevolking_leeftijd.map,cbs_vergrijzing_provincies_65plus_2009
gemeenten_leeftijd_014_2010,bevolking_leeftijd_2010.map,gemeenten_leeftijd_014_2010
wijken_leeftijd_014_2010,bevolking_leeftijd_2010.map,wijken_leeftijd_014_2010
buurten_leeftijd_014_2010,bevolking_leeftijd_2010.map,buurten_leeftijd_014_2010
gemeenten_leeftijd_1524_2010,bevolking_leeftijd_2010.map,gemeenten_leeftijd_1524_2010
wijken_leeftijd_1524_2010,bevolking_leeftijd_2010.map,wijken_leeftijd_1524_2010
buurten_leeftijd_1524_2010,bevolking_leeftijd_2010.map,buurten_leeftijd_1524_2010
gemeenten_leeftijd_2544_2010,bevolking_leeftijd_2010.map,gemeenten_leeftijd_2544_2010
wijken_leeftijd_2544_2010,bevolking_leeftijd_2010.map,wijken_leeftijd_2544_2010
buurten_leeftijd_2544_2010,bevolking_leeftijd_2010.map,buurten_leeftijd_2544_2010
gemeenten_leeftijd_4564_2010,bevolking_leeftijd_2010.map,gemeenten_leeftijd_4564_2010
wijken_leeftijd_4564_2010,bevolking_leeftijd_2010.map,wijken_leeftijd_4564_2010
buurten_leeftijd_4564_2010,bevolking_leeftijd_2010.map,buurten_leeftijd_4564_2010
gemeenten_leeftijd_65_2010,bevolking_leeftijd_2010.map,gemeenten_leeftijd_65_2010
wijken_leeftijd_65_2010,bevolking_leeftijd_2010.map,wijken_leeftijd_65_2010
buurten_leeftijd_65_2010,bevolking_leeftijd_2010.map,buurten_leeftijd_65_2010
buurten_investeringen_2005,bevolking_investering_2005.map,buurten_investeringen_2005
gemeenten_inkomen,welvaart.map,gemeenten_inkomen
wijken_inkomen,welvaart.map,wijken_inkomen
buurten_inkomen,welvaart.map,buurten_inkomen
gemeenten_autos,welvaart.map,gemeenten_autos
wijken_autos,welvaart.map,wijken_autos
buurten_autos,welvaart.map,buurten_autos
gemeenten_inkomen_2010,welvaart_2010.map,gemeenten_inkomen_2010
wijken_inkomen_2010,welvaart_2010.map,wijken_inkomen_2010
buurten_inkomen_2010,welvaart_2010.map,buurten_inkomen_2010
gemeenten_autos_2010,welvaart_2010.map,gemeenten_autos_2010
wijken_autos_2010,welvaart_2010.map,wijken_autos_2010
buurten_autos_2010,welvaart_2010.map,buurten_autos_2010
gemeenten_bevolkingsdichtheid,bevolkings_dichtheid.map,gemeenten_bevolkingsdichtheid
wijken_bevolkingsdichtheid,bevolkings_dichtheid.map,wijken_bevolkingsdichtheid
buurten_bevolkingsdichtheid,bevolkings_dichtheid.map,buurten_bevolkingsdichtheid
gemeenten_stedelijkheid,bevolkings_dichtheid.map,gemeenten_stedelijkheid
wijken_stedelijkheid,bevolkings_dichtheid.map,wijken_stedelijkheid
buurten_stedelijkheid,bevolkings_dichtheid.map,buurten_stedelijkheid
gemeenten_bevolkingsdichtheid_2010,bevolkings_dichtheid_2010.map,gemeenten_bevolkingsdichtheid_2010
wijken_bevolkingsdichtheid_2010,bevolkings_dichtheid_2010.map,wijken_bevolkingsdichtheid_2010
buurten_bevolkingsdichtheid_2010,bevolkings_dichtheid_2010.map,buurten_bevolkingsdichtheid_2010
gemeenten_stedelijkheid_2010,bevolkings_dichtheid_2010.map,gemeenten_stedelijkheid_2010
wijken_stedelijkheid_2010,bevolkings_dichtheid_2010.map,wijken_stedelijkheid_2010
buurten_stedelijkheid_2010,bevolkings_dichtheid_2010.map,buurten_stedelijkheid_2010
gemeenten_arbeid_landbouw,bevolking_arbeid.map,gemeenten_arbeid_landbouw
wijken_arbeid_landbouw,bevolking_arbeid.map,wijken_arbeid_landbouw
buurten_arbeid_landbouw,bevolking_arbeid.map,buurten_arbeid_landbouw
gemeenten_arbeid_industrie,bevolking_arbeid.map,gemeenten_arbeid_industrie
wijken_arbeid_industrie,bevolking_arbeid.map,wijken_arbeid_industrie
buurten_arbeid_industrie,bevolking_arbeid.map,buurten_arbeid_industrie
gemeenten_arbeid_commerciele_dienstverlening,bevolking_arbeid.map,gemeenten_arbeid_commerciele_dienstverlening
wijken_arbeid_commerciele_dienstverlening,bevolking_arbeid.map,wijken_arbeid_commerciele_dienstverlening
buurten_arbeid_commerciele_dienstverlening,bevolking_arbeid.map,buurten_arbeid_commerciele_dienstverlening
gemeenten_arbeid_niet_commerciele_dienstverlening,bevolking_arbeid.map,gemeenten_arbeid_niet_commerciele_dienstverlening
wijken_arbeid_niet_commerciele_dienstverlening,bevolking_arbeid.map,wijken_arbeid_niet_commerciele_dienstverlening
buurten_arbeid_niet_commerciele_dienstverlening,bevolking_arbeid.map,buurten_arbeid_niet_commerciele_dienstverlening
gemeenten_arbeid_grootste_sector,bevolking_arbeid.map,gemeenten_arbeid_grootste_sector
wijken_arbeid_grootste_sector,bevolking_arbeid.map,wijken_arbeid_grootste_sector
buurten_arbeid_grootste_sector,bevolking_arbeid.map,buurten_arbeid_grootste_sector
gemeenten_arbeid_forensen,bevolking_arbeid.map,gemeenten_arbeid_forensen
wijken_arbeid_forensen,bevolking_arbeid.map,wijken_arbeid_forensen
buurten_arbeid_forensen,bevolking_arbeid.map,buurten_arbeid_forensen
gemeenten_arbeid_zelfstandigen,bevolking_arbeid.map,gemeenten_arbeid_zelfstandigen
wijken_arbeid_zelfstandigen,bevolking_arbeid.map,wijken_arbeid_zelfstandigen
buurten_arbeid_zelfstandigen,bevolking_arbeid.map,buurten_arbeid_zelfstandigen
gemeenten_wonen_huurwoningen,wonen.map,gemeenten_wonen_huurwoningen
wijken_wonen_huurwoningen,wonen.map,wijken_wonen_huurwoningen
buurten_wonen_huurwoningen,wonen.map,buurten_wonen_huurwoningen
gemeenten_wonen_koopwoningen,wonen.map,gemeenten_wonen_koopwoningen
wijken_wonen_koopwoningen,wonen.map,wijken_wonen_koopwoningen
buurten_wonen_koopwoningen,wonen.map,buurten_wonen_koopwoningen
gemeenten_wonen_woningwaarde,wonen.map,gemeenten_wonen_woningwaarde
wijken_wonen_woningwaarde,wonen.map,wijken_wonen_woningwaarde
buurten_wonen_woningwaarde,wonen.map,buurten_wonen_woningwaarde
gemeenten_wonen_huurwoningen_2010,wonen_2010.map,gemeenten_wonen_huurwoningen_2010
wijken_wonen_huurwoningen_2010,wonen_2010.map,wijken_wonen_huurwoningen_2010
buurten_wonen_huurwoningen_2010,wonen_2010.map,buurten_wonen_huurwoningen_2010
gemeenten_wonen_koopwoningen_2010,wonen_2010.map,gemeenten_wonen_koopwoningen_2010
wijken_wonen_koopwoningen_2010,wonen_2010.map,wijken_wonen_koopwoningen_2010
buurten_wonen_koopwoningen_2010,wonen_2010.map,buurten_wonen_koopwoningen_2010
gemeenten_wonen_woningwaarde_2010,wonen_2010.map,gemeenten_wonen_woningwaarde_2010
wijken_wonen_woningwaarde_2010,wonen_2010.map,wijken_wonen_woningwaarde_2010
buurten_wonen_woningwaarde_2010,wonen_2010.map,buurten_wonen_woningwaarde_2010
gemeenten_bevolkingsdichtheid_1830,gemeenten_historisch.map,gemeenten_bevolkingsdichtheid_1830
gemeenten_bevolkingsdichtheid_1840,gemeenten_historisch.map,gemeenten_bevolkingsdichtheid_1840
gemeenten_bevolkingsdichtheid_1850,gemeenten_historisch.map,gemeenten_bevolkingsdichtheid_1850
gemeenten_bevolkingsdichtheid_1860,gemeenten_historisch.map,gemeenten_bevolkingsdichtheid_1860
gemeenten_bevolkingsdichtheid_1870,gemeenten_historisch.map,gemeenten_bevolkingsdichtheid_1870
gemeenten_bevolkingsdichtheid_1880,gemeenten_historisch.map,gemeenten_bevolkingsdichtheid_1880
gemeenten_bevolkingsdichtheid_1890,gemeenten_historisch.map,gemeenten_bevolkingsdichtheid_1890
gemeenten_bevolkingsdichtheid_1900,gemeenten_historisch.map,gemeenten_bevolkingsdichtheid_1900
gemeenten_bevolkingsdichtheid_1910,gemeenten_historisch.map,gemeenten_bevolkingsdichtheid_1910
gemeenten_bevolkingsdichtheid_1920,gemeenten_historisch.map,gemeenten_bevolkingsdichtheid_1920
gemeenten_bevolkingsdichtheid_1930,gemeenten_historisch.map,gemeenten_bevolkingsdichtheid_1930
gemeenten_bevolkingsdichtheid_1940,gemeenten_historisch.map,gemeenten_bevolkingsdichtheid_1940
gemeenten_bevolkingsdichtheid_1950,gemeenten_historisch.map,gemeenten_bevolkingsdichtheid_1950
gemeenten_bevolkingsdichtheid_1960,gemeenten_historisch.map,gemeenten_bevolkingsdichtheid_1960
provincies,cbs.map,provincies
gemeenten,cbs.map,gemeenten
gemeente_namen,cbs.map,gemeente_namen
buurten,cbs.map,buurten
buurt_namen,cbs.map,buurt_namen
wijken,cbs.map,wijken
wijk_namen,cbs.map,wijk_namen
nl_postcode4,cbs.map,nl_postcode4
pc4_nummers,cbs.map,pc4_nummers
waterschappen_2010,cbs.map,waterschappen_2010
adm_waterschappen_2010,adm_grenzen_overig.map,adm_waterschappen_2010
adm_nl_postcode4,adm_grenzen_overig.map,adm_nl_postcode4
adm_pc4_nummers,adm_grenzen_overig.map,adm_pc4_nummers
adm_provincies_2005,adm_grenzen_2005.map,adm_provincies_2005
adm_gemeenten_2005,adm_grenzen_2005.map,adm_gemeenten_2005
adm_gemeente_namen_2005,adm_grenzen_2005.map,adm_gemeente_namen_2005
adm_wijken_2005,adm_grenzen_2005.map,adm_wijken_2005
adm_wijk_namen_2005,adm_grenzen_2005.map,adm_wijk_namen_2005
adm_buurten_2005,adm_grenzen_2005.map,adm_buurten_2005
adm_buurt_namen_2005,adm_grenzen_2005.map,adm_buurt_namen_2005
adm_provincies_2010,adm_grenzen_2010.map,adm_provincies_2010
adm_gemeenten_2010,adm_grenzen_2010.map,adm_gemeenten_2010
adm_gemeente_namen_2010,adm_grenzen_2010.map,adm_gemeente_namen_2010
adm_wijken_2010,adm_grenzen_2010.map,adm_wijken_2010
adm_wijk_namen_2010,adm_grenzen_2010.map,adm_wijk_namen_2010
adm_buurten_2010,adm_grenzen_2010.map,adm_buurten_2010
adm_buurt_namen_2010,adm_grenzen_2010.map,adm_buurt_namen_2010
grondsoorten,bodem.map,grondsoorten
nederland 17e eeuw (blaeu),blaeu.map,nederland 17e eeuw (blaeu)
noord-holland 17e eeuw (blaeu),blaeu.map,noord-holland 17e eeuw (blaeu)
amsterdam 17e eeuw (blaeu),blaeu.map,amsterdam 17e eeuw (blaeu)
friesland 17e eeuw (blaeu),blaeu.map,friesland 17e eeuw (blaeu)
groningen 17e eeuw (blaeu),blaeu.map,groningen 17e eeuw (blaeu)
drenthe 17e eeuw (blaeu),blaeu.map,drenthe 17e eeuw (blaeu)
overijssel 17e eeuw (blaeu),blaeu.map,overijssel 17e eeuw (blaeu)
gelderland 17e eeuw (blaeu),blaeu.map,gelderland 17e eeuw (blaeu)
utrecht 17e eeuw (blaeu),blaeu.map,utrecht 17e eeuw (blaeu)
noord-holland zuid 17e eeuw (blaeu),blaeu.map,noord-holland zuid 17e eeuw (blaeu)
zeeland 17e eeuw (blaeu),blaeu.map,zeeland 17e eeuw (blaeu)
zuid-holland 17e eeuw (blaeu),blaeu.map,zuid-holland 17e eeuw (blaeu)
delfland 17e eeuw (blaeu),blaeu.map,delfland 17e eeuw (blaeu)
brabant 17e eeuw (blaeu),blaeu.map,brabant 17e eeuw (blaeu)
limburg 17e eeuw (blaeu),blaeu.map,limburg 17e eeuw (blaeu)
nederland tirion,blaeu.map,nederland tirion
beckeringh groningen 1781,blaeu.map,beckeringh groningen 1781
amsterdam eskes 1842,blaeu.map,amsterdam eskes 1842
tmk_utrecht_1888,blaeu.map,tmk_utrecht_1888
vleuten_1868,blaeu.map,vleuten_1868
limes,blaeu.map,limes
deelgebied_vechtplassen,blaeu.map,deelgebied_vechtplassen
vechtstreek_rond_1700,blaeu.map,vechtstreek_rond_1700
bilthoven_1938,blaeu.map,bilthoven_1938
soesterberg_1910,blaeu.map,soesterberg_1910
soest_1868,blaeu.map,soest_1868
west_friesland_1654,blaeu.map,west_friesland_1654
tmk_1910,blaeu.map,tmk_1910
nsw_scan,blaeu.map,nsw_scan
amsterdam_1945,blaeu.map,amsterdam_1945
zuid_limburg_1820_bunde,zuid_limburg.map,zuid_limburg_1820_bunde
zuid_limburg_1820_gulpen,zuid_limburg.map,zuid_limburg_1820_gulpen
zuid_limburg_1820_heerlen-ransdael,zuid_limburg.map,zuid_limburg_1820_heerlen-ransdael
zuid_limburg_1820_heerlen-voerendael,zuid_limburg.map,zuid_limburg_1820_heerlen-voerendael
zuid_limburg_1820_heerlen_zuid,zuid_limburg.map,zuid_limburg_1820_heerlen_zuid
zuid_limburg_1820_kerkrade,zuid_limburg.map,zuid_limburg_1820_kerkrade
zuid_limburg_1820_maestricht-eysden,zuid_limburg.map,zuid_limburg_1820_maestricht-eysden
zuid_limburg_1820_margraten,zuid_limburg.map,zuid_limburg_1820_margraten
zuid_limburg_1820_merkelbeek,zuid_limburg.map,zuid_limburg_1820_merkelbeek
zuid_limburg_1820_noorbeek,zuid_limburg.map,zuid_limburg_1820_noorbeek
zuid_limburg_1820_oirsbeek,zuid_limburg.map,zuid_limburg_1820_oirsbeek
zuid_limburg_1820_sittard,zuid_limburg.map,zuid_limburg_1820_sittard
zuid_limburg_1820_stein,zuid_limburg.map,zuid_limburg_1820_stein
zuid_limburg_1820_vaels,zuid_limburg.map,zuid_limburg_1820_vaels
zuid_limburg_1820_valkenberg_meerssen,zuid_limburg.map,zuid_limburg_1820_valkenberg_meerssen
zuid_limburg_1820_valkenberg_spaubeek,zuid_limburg.map,zuid_limburg_1820_valkenberg_spaubeek
zuid_limburg_1924_bunde,zuid_limburg.map,zuid_limburg_1924_bunde
zuid_limburg_1924_eijsden,zuid_limburg.map,zuid_limburg_1924_eijsden
zuid_limburg_1924_gulpen_vaals,zuid_limburg.map,zuid_limburg_1924_gulpen_vaals
zuid_limburg_1924_heerlen_nuth,zuid_limburg.map,zuid_limburg_1924_heerlen_nuth
zuid_limburg_1924_maastricht,zuid_limburg.map,zuid_limburg_1924_maastricht
zuid_limburg_1924_margraten_noorbeek,zuid_limburg.map,zuid_limburg_1924_margraten_noorbeek
zuid_limburg_1924_schimmert,zuid_limburg.map,zuid_limburg_1924_schimmert
zuid_limburg_1924_simpelveld,zuid_limburg.map,zuid_limburg_1924_simpelveld
zuid_limburg_1924_valkenburg_cadier,zuid_limburg.map,zuid_limburg_1924_valkenburg_cadier
zuid_limburg_1935_born,zuid_limburg.map,zuid_limburg_1935_born
zuid_limburg_1935_brunssum,zuid_limburg.map,zuid_limburg_1935_brunssum
zuid_limburg_1935_geleen,zuid_limburg.map,zuid_limburg_1935_geleen
zuid_limburg_1935_kerkrade,zuid_limburg.map,zuid_limburg_1935_kerkrade
zuid_limburg_1935_meers,zuid_limburg.map,zuid_limburg_1935_meers
zuid_limburg_1935_rimburg,zuid_limburg.map,zuid_limburg_1935_rimburg
zuid_limburg_1935_sittard,zuid_limburg.map,zuid_limburg_1935_sittard
zuid_limburg_1937_hoensbroek,zuid_limburg.map,zuid_limburg_1937_hoensbroek
zuid_limburg_1956_beek,zuid_limburg.map,zuid_limburg_1956_beek
zuid_limburg_1956_brunssum,zuid_limburg.map,zuid_limburg_1956_brunssum
zuid_limburg_1956_kerkrade,zuid_limburg.map,zuid_limburg_1956_kerkrade
zuid_limburg_1956_meers,zuid_limburg.map,zuid_limburg_1956_meers
zuid_limburg_1956_noorbeek,zuid_limburg.map,zuid_limburg_1956_noorbeek
zuid_limburg_1956_rimburg,zuid_limburg.map,zuid_limburg_1956_rimburg
zuid_limburg_1956_schinveld,zuid_limburg.map,zuid_limburg_1956_schinveld
zuid_limburg_1956_sittard,zuid_limburg.map,zuid_limburg_1956_sittard
zuid_limburg_1956_vaals,zuid_limburg.map,zuid_limburg_1956_vaals
zuid_limburg_1957_eijsden,zuid_limburg.map,zuid_limburg_1957_eijsden
zuid_limburg_1957_heerlen_ransdaal,zuid_limburg.map,zuid_limburg_1957_heerlen_ransdaal
zuid_limburg_1957_maastricht_bunde,zuid_limburg.map,zuid_limburg_1957_maastricht_bunde
zuid_limburg_1957_maastricht_gronsveld,zuid_limburg.map,zuid_limburg_1957_maastricht_gronsveld
zuid_limburg_1957_margraten,zuid_limburg.map,zuid_limburg_1957_margraten
zuid_limburg_1957_simpelveld_gulpen,zuid_limburg.map,zuid_limburg_1957_simpelveld_gulpen
zuid_limburg_1957_valkenburg_meerssen,zuid_limburg.map,zuid_limburg_1957_valkenburg_meerssen
zuid_limburg_landschap_geleen,zuid_limburg.map,zuid_limburg_landschap_geleen
zuid_limburg_landschap_heerlen,zuid_limburg.map,zuid_limburg_landschap_heerlen
zuid_limburg_landschap_maastricht,zuid_limburg.map,zuid_limburg_landschap_maastricht
zuid_limburg_landschap_stein,zuid_limburg.map,zuid_limburg_landschap_stein
zuid_limburg_landschap_vaals,zuid_limburg.map,zuid_limburg_landschap_vaals
hoogtes,hoogte.map,hoogtes
referentielijnen,hoogte.map,referentielijnen
hoogtelijnen,hoogte.map,hoogtelijnen
hoogtelabels,hoogte.map,hoogtelabels
percelen,kadaster.map,percelen
perceel,kadaster.map,perceel
panden,kadaster.map,panden
ligplaatsen,kadaster.map,ligplaatsen
standplaatsen,kadaster.map,standplaatsen
panden_energielabels,kadaster.map,panden_energielabels
panden_amsterdam,kadaster.map,panden_amsterdam
gebruiksdoel,kadaster.map,gebruiksdoel
panden_oppervlakte,kadaster.map,panden_oppervlakte
verblijsobjecten_energielabel,kadaster.map,verblijsobjecten_energielabel
rijksmonumenten,monumenten.map,rijksmonumenten
stadsendorpsgezichten,monumenten.map,stadsendorpsgezichten
werelderfgoed,monumenten.map,werelderfgoed
veestapel,landbouw.map,veestapel
koeien,landbouw.map,koeien
varkens,landbouw.map,varkens
kippen,landbouw.map,kippen
overig_vee,landbouw.map,overig_vee
veestapel_per_km2,landbouw.map,veestapel_per_km2
koeien_per_km2,landbouw.map,koeien_per_km2
varkens_per_km2,landbouw.map,varkens_per_km2
kippen_per_km2,landbouw.map,kippen_per_km2
overig_per_km2,landbouw.map,overig_per_km2
veestapel_2010,landbouw_2010.map,veestapel_2010
koeien_2010,landbouw_2010.map,koeien_2010
varkens_2010,landbouw_2010.map,varkens_2010
kippen_2010,landbouw_2010.map,kippen_2010
overig_vee_2010,landbouw_2010.map,overig_vee_2010
veestapel_per_km2_2010,landbouw_2010.map,veestapel_per_km2_2010
koeien_per_km2_2010,landbouw_2010.map,koeien_per_km2_2010
varkens_per_km2_2010,landbouw_2010.map,varkens_per_km2_2010
kippen_per_km2_2010,landbouw_2010.map,kippen_per_km2_2010
overig_per_km2_2010,landbouw_2010.map,overig_per_km2_2010
fijnstof,milieu.map,fijnstof
ozon,milieu.map,ozon
nhx,milieu.map,nhx
stikstof,milieu.map,stikstof
stikstofdioxide,milieu.map,stikstofdioxide
zwaveldioxide,milieu.map,zwaveldioxide
potentieelzuur_01,milieu.map,potentieelzuur_01
potentieelzuur_02,milieu.map,potentieelzuur_02
verkeer_2006_buffer,milieu.map,verkeer_2006_buffer
co2_2005,milieu.map,co2_2005
ned_2000,lus.map,ned_2000
ned_2010,lus.map,ned_2010
ned_2040_w,lus.map,ned_2040_w
ned_2040_g,lus.map,ned_2040_g
fictieve_dijkdoorbraken,water_overstromingsmodel.map,fictieve_dijkdoorbraken
voorspelling_overstroomd_oppervlak,water_overstromingsmodel.map,voorspelling_overstroomd_oppervlak
voorspelling_waterdiepte,water_overstromingsmodel.map,voorspelling_waterdiepte
voorspelling_slachtoffers,water_overstromingsmodel.map,voorspelling_slachtoffers
voorspelling_schade,water_overstromingsmodel.map,voorspelling_schade
beschermingsnorm,water_overstromingsmodel.map,beschermingsnorm
overstromingsdiepte_ocm,waterdieptes.map,overstromingsdiepte_ocm
overstromingsdiepte_25cm_bau,waterdieptes.map,overstromingsdiepte_25cm_bau
overstromingsdiepte_60cm_bau,waterdieptes.map,overstromingsdiepte_60cm_bau
overstromingsdiepte_80cm_bau,waterdieptes.map,overstromingsdiepte_80cm_bau
overstromingsdiepte_150cm_bau,waterdieptes.map,overstromingsdiepte_150cm_bau
overstromingsdiepte_300cm_bau,waterdieptes.map,overstromingsdiepte_300cm_bau
overstromingsdiepte_25cm_dn,waterdieptes.map,overstromingsdiepte_25cm_dn
overstromingsdiepte_60cm_dn,waterdieptes.map,overstromingsdiepte_60cm_dn
overstromingsdiepte_80cm_dn,waterdieptes.map,overstromingsdiepte_80cm_dn
overstromingsdiepte_150cm_dn,waterdieptes.map,overstromingsdiepte_150cm_dn
overstromingsdiepte_300cm_dn,waterdieptes.map,overstromingsdiepte_300cm_dn
tin_lelystad,waterdieptes.map,tin_lelystad
zuiderzeeland_bodemdaling_2015,zuiderzeeland.map,zuiderzeeland_bodemdaling_2015
zuiderzeeland_bodemdaling_2050,zuiderzeeland.map,zuiderzeeland_bodemdaling_2050
zuiderzeeland_kwel,zuiderzeeland.map,zuiderzeeland_kwel
zuiderzeeland_waterzuivering,zuiderzeeland.map,zuiderzeeland_waterzuivering
delta_kustverdediging_1950,zeeuwse_delta.map,delta_kustverdediging_1950
delta_kustverdediging_2010,zeeuwse_delta.map,delta_kustverdediging_2010
delta_landgebruik_1950,zeeuwse_delta.map,delta_landgebruik_1950
delta_landgebruik_2010,zeeuwse_delta.map,delta_landgebruik_2010
schade_grid_2000,overstromingsschade.map,schade_grid_2000
schade_grid_2010,overstromingsschade.map,schade_grid_2010
schade_grid_w_bau_2040,overstromingsschade.map,schade_grid_w_bau_2040
schade_grid_g_bau_2040,overstromingsschade.map,schade_grid_g_bau_2040
schade_grid_w_dn_2040,overstromingsschade.map,schade_grid_w_dn_2040
schade_grid_g_dn_2040,overstromingsschade.map,schade_grid_g_dn_2040
schade_dijkring_2000,overstromingsschade.map,schade_dijkring_2000
schade_dijkring_2010,overstromingsschade.map,schade_dijkring_2010
schade_dijkring_w_bau_2040,overstromingsschade.map,schade_dijkring_w_bau_2040
schade_dijkring_g_bau_2040,overstromingsschade.map,schade_dijkring_g_bau_2040
schade_dijkring_w_dn_2040,overstromingsschade.map,schade_dijkring_w_dn_2040
schade_dijkring_g_dn_2040,overstromingsschade.map,schade_dijkring_g_dn_2040
bebouwing_gemeente,notaruimte.map,bebouwing_gemeente
bos_natuur_gemeente,notaruimte.map,bos_natuur_gemeente
recreatie_gemeente,notaruimte.map,recreatie_gemeente
landbouw_gemeente,notaruimte.map,landbouw_gemeente
landschap,notaruimte.map,landschap
economie,notaruimte.map,economie
ehs,notaruimte.map,ehs
topografie,base.map,topografie
top25_raster,base.map,top25_raster
top50_raster,base.map,top50_raster
top250_raster,base.map,top250_raster
waterstandvakken,water.map,waterstandvakken
waterkeringen,water.map,waterkeringen
dijken,water.map,dijken
watersysteem,water.map,watersysteem
rvr_nieuwe_dijk,water.map,rvr_nieuwe_dijk
rvr_verwijderde_dijk,water.map,rvr_verwijderde_dijk
rvr_obstakel_verwijdering,water.map,rvr_obstakel_verwijdering
rvr_uiterwaard_afgraving,water.map,rvr_uiterwaard_afgraving
dijkhoogtes,water.map,dijkhoogtes
dijkringen,water.map,dijkringen
andes,andes.map,andes
azie 17e eeuw (blaeu),historischwereldwijd.map,azie 17e eeuw (blaeu)
china 17e eeuw (blaeu),historischwereldwijd.map,china 17e eeuw (blaeu)
china 17e eeuw (blaeu),historischwereldwijd.map,china 17e eeuw (blaeu)
zuid amerika 1814,historischwereldwijd.map,zuid amerika 1814
africa 1670,historischwereldwijd.map,africa 1670
caribisch gebied 1762,historischwereldwijd.map,caribisch gebied 1762
suriname_loth_1898,historischwereldwijd.map,suriname_loth_1898
suriname_schets_1860,historischwereldwijd.map,suriname_schets_1860
suriname_ottens_1718,historischwereldwijd.map,suriname_ottens_1718
curacao,historischwereldwijd.map,curacao
bevolkingsdichtheid_1990,population.map,bevolkingsdichtheid_1990
bevolkingsdichtheid_1995,population.map,bevolkingsdichtheid_1995
bevolkingsdichtheid_2000,population.map,bevolkingsdichtheid_2000
bevolkingsdichtheid_2005,population.map,bevolkingsdichtheid_2005
bevolkingsdichtheid_2010,population.map,bevolkingsdichtheid_2010
bevolkingsdichtheid_2015,population.map,bevolkingsdichtheid_2015
countries,population.map,countries
kindersterfte,poverty.map,kindersterfte
kinderondervoeding,poverty.map,kinderondervoeding
corine_1990,eu_corine.map,corine_1990
corine_2000,eu_corine.map,corine_2000
corine_2006,eu_corine.map,corine_2006
eu_nuts_regio_2010_level_0,eu_nuts_regio_2010.map,eu_nuts_regio_2010_level_0
eu_nuts_regio_2010_level_1,eu_nuts_regio_2010.map,eu_nuts_regio_2010_level_1
eu_nuts_regio_2010_level_2,eu_nuts_regio_2010.map,eu_nuts_regio_2010_level_2
eu_nuts_regio_2010_level_3,eu_nuts_regio_2010.map,eu_nuts_regio_2010_level_3
bevolkingsdichtheid_1990_nuts_level_0,eu_nuts_bevolkingsdichtheid_level_0.map,bevolkingsdichtheid_1990_nuts_level_0
bevolkingsdichtheid_1995_nuts_level_0,eu_nuts_bevolkingsdichtheid_level_0.map,bevolkingsdichtheid_1995_nuts_level_0
bevolkingsdichtheid_2000_nuts_level_0,eu_nuts_bevolkingsdichtheid_level_0.map,bevolkingsdichtheid_2000_nuts_level_0
bevolkingsdichtheid_2005_nuts_level_0,eu_nuts_bevolkingsdichtheid_level_0.map,bevolkingsdichtheid_2005_nuts_level_0
bevolkingsdichtheid_2010_nuts_level_0,eu_nuts_bevolkingsdichtheid_level_0.map,bevolkingsdichtheid_2010_nuts_level_0
bevolkingsdichtheid_1990_nuts_level_1,eu_nuts_bevolkingsdichtheid_level_1.map,bevolkingsdichtheid_1990_nuts_level_1
bevolkingsdichtheid_1995_nuts_level_1,eu_nuts_bevolkingsdichtheid_level_1.map,bevolkingsdichtheid_1995_nuts_level_1
bevolkingsdichtheid_2000_nuts_level_1,eu_nuts_bevolkingsdichtheid_level_1.map,bevolkingsdichtheid_2000_nuts_level_1
bevolkingsdichtheid_2005_nuts_level_1,eu_nuts_bevolkingsdichtheid_level_1.map,bevolkingsdichtheid_2005_nuts_level_1
bevolkingsdichtheid_2010_nuts_level_1,eu_nuts_bevolkingsdichtheid_level_1.map,bevolkingsdichtheid_2010_nuts_level_1
bevolkingsdichtheid_1990_nuts_level_2,eu_nuts_bevolkingsdichtheid_level_2.map,bevolkingsdichtheid_1990_nuts_level_2
bevolkingsdichtheid_1995_nuts_level_2,eu_nuts_bevolkingsdichtheid_level_2.map,bevolkingsdichtheid_1995_nuts_level_2
bevolkingsdichtheid_2000_nuts_level_2,eu_nuts_bevolkingsdichtheid_level_2.map,bevolkingsdichtheid_2000_nuts_level_2
bevolkingsdichtheid_2005_nuts_level_2,eu_nuts_bevolkingsdichtheid_level_2.map,bevolkingsdichtheid_2005_nuts_level_2
bevolkingsdichtheid_2010_nuts_level_2,eu_nuts_bevolkingsdichtheid_level_2.map,bevolkingsdichtheid_2010_nuts_level_2
bevolkingsdichtheid_1990_nuts_level_3,eu_nuts_bevolkingsdichtheid_level_3.map,bevolkingsdichtheid_1990_nuts_level_3
bevolkingsdichtheid_1995_nuts_level_3,eu_nuts_bevolkingsdichtheid_level_3.map,bevolkingsdichtheid_1995_nuts_level_3
bevolkingsdichtheid_2000_nuts_level_3,eu_nuts_bevolkingsdichtheid_level_3.map,bevolkingsdichtheid_2000_nuts_level_3
bevolkingsdichtheid_2005_nuts_level_3,eu_nuts_bevolkingsdichtheid_level_3.map,bevolkingsdichtheid_2005_nuts_level_3
bevolkingsdichtheid_2010_nuts_level_3,eu_nuts_bevolkingsdichtheid_level_3.map,bevolkingsdichtheid_2010_nuts_level_3
newyork_kaart_01,amerikaweek.map,newyork_kaart_01
newyork_kaart_02,amerikaweek.map,newyork_kaart_02
newyork_kaart_05,amerikaweek.map,newyork_kaart_05
newyork_kaart_06,amerikaweek.map,newyork_kaart_06
newyork_kaart_08,amerikaweek.map,newyork_kaart_08
newyork_kaart_10,amerikaweek.map,newyork_kaart_10
newyork_kaart_16_02,amerikaweek.map,newyork_kaart_16_02
newyork_kaart_16_03,amerikaweek.map,newyork_kaart_16_03
newyork_kaart_16_04,amerikaweek.map,newyork_kaart_16_04
verkiezingen_2006_2kamer_opkomst,verkiezingen.map,verkiezingen_2006_2kamer_opkomst
verkiezingen_2006_2kamer_grootste_partij,verkiezingen.map,verkiezingen_2006_2kamer_grootste_partij
verkiezingen_2006_2kamer_cda,verkiezingen.map,verkiezingen_2006_2kamer_cda
verkiezingen_2006_2kamer_pvda,verkiezingen.map,verkiezingen_2006_2kamer_pvda
verkiezingen_2006_2kamer_sp,verkiezingen.map,verkiezingen_2006_2kamer_sp
verkiezingen_2006_2kamer_vvd,verkiezingen.map,verkiezingen_2006_2kamer_vvd
verkiezingen_2006_2kamer_pvv,verkiezingen.map,verkiezingen_2006_2kamer_pvv
verkiezingen_2006_2kamer_groenlinks,verkiezingen.map,verkiezingen_2006_2kamer_groenlinks
verkiezingen_2006_2kamer_cu,verkiezingen.map,verkiezingen_2006_2kamer_cu
verkiezingen_2006_2kamer_d66,verkiezingen.map,verkiezingen_2006_2kamer_d66
verkiezingen_2006_2kamer_pvdd,verkiezingen.map,verkiezingen_2006_2kamer_pvdd
verkiezingen_2006_2kamer_sgp,verkiezingen.map,verkiezingen_2006_2kamer_sgp
scholieren_verkiezingen_2006_2kamer_grootste_partij,verkiezingen.map,scholieren_verkiezingen_2006_2kamer_grootste_partij
scholieren_verkiezingen_2006_2kamer_cda,verkiezingen.map,scholieren_verkiezingen_2006_2kamer_cda
scholieren_verkiezingen_2006_2kamer_pvda,verkiezingen.map,scholieren_verkiezingen_2006_2kamer_pvda
scholieren_verkiezingen_2006_2kamer_sp,verkiezingen.map,scholieren_verkiezingen_2006_2kamer_sp
scholieren_verkiezingen_2006_2kamer_vvd,verkiezingen.map,scholieren_verkiezingen_2006_2kamer_vvd
scholieren_verkiezingen_2006_2kamer_pvv,verkiezingen.map,scholieren_verkiezingen_2006_2kamer_pvv
scholieren_verkiezingen_2006_2kamer_groenlinks,verkiezingen.map,scholieren_verkiezingen_2006_2kamer_groenlinks
scholieren_verkiezingen_2006_2kamer_cu,verkiezingen.map,scholieren_verkiezingen_2006_2kamer_cu
scholieren_verkiezingen_2006_2kamer_d66,verkiezingen.map,scholieren_verkiezingen_2006_2kamer_d66
scholieren_verkiezingen_2006_2kamer_pvdd,verkiezingen.map,scholieren_verkiezingen_2006_2kamer_pvdd
scholieren_verkiezingen_2006_2kamer_sgp,verkiezingen.map,scholieren_verkiezingen_2006_2kamer_sgp
suriname_districten,suriname.map,suriname_districten
suriname_bestuursressorten,suriname.map,suriname_bestuursressorten
suriname_dorpen,suriname.map,suriname_dorpen
suriname_dorpen_5000,suriname.map,suriname_dorpen_5000
suriname_ebg_scholen,suriname.map,suriname_ebg_scholen
suriname_brokopondo,suriname.map,suriname_brokopondo
suriname_greenstone_belt,suriname.map,suriname_greenstone_belt
suriname_plantages,suriname.map,suriname_plantages
suriname_hoofdrivieren,suriname.map,suriname_hoofdrivieren
suriname_bijrivieren,suriname.map,suriname_bijrivieren
suriname_bestaande_wegen,suriname.map,suriname_bestaande_wegen
suriname_voorgestelde_wegen,suriname.map,suriname_voorgestelde_wegen
suriname_hoogte,suriname.map,suriname_hoogte
suriname_mining_goud_2009,suriname.map,suriname_mining_goud_2009
suriname_mining_bauxiet_1988,suriname.map,suriname_mining_bauxiet_1988
suriname_mining_bauxiet_2009,suriname.map,suriname_mining_bauxiet_2009
suriname_mining_porknokker_2009,suriname.map,suriname_mining_porknokker_2009
suriname_mining_goud_1988,suriname.map,suriname_mining_goud_1988
suriname_mining_hout_1988,suriname.map,suriname_mining_hout_1988
suriname_mining_hout_2009,suriname.map,suriname_mining_hout_2009
suriname_mining_hout_2009_hernoemd,suriname.map,suriname_mining_hout_2009_hernoemd
suriname_protected_areas,suriname.map,suriname_protected_areas
suriname_landuse_2011,suriname.map,suriname_landuse_2011
suriname_landuse_2025,suriname.map,suriname_landuse_2025
suriname_geschiktheid_bebouwing,suriname.map,suriname_geschiktheid_bebouwing
suriname_bereikbaarheid_2011,suriname.map,suriname_bereikbaarheid_2011
suriname_bereikbaarheid_2025,suriname.map,suriname_bereikbaarheid_2025
suriname_biodiversiteit,suriname.map,suriname_biodiversiteit
athene_01,athene.map,athene_01
athene_02,athene.map,athene_02
athene_03,athene.map,athene_03
athene_04,athene.map,athene_04
piraeus_01,athene.map,piraeus_01
landschappen,landschappen.map,landschappen
deellandschappen,landschappen.map,deellandschappen
beschermde_natuurmonumenten,gebieden_speciale_status.map,beschermde_natuurmonumenten
nationale_landschappen,gebieden_speciale_status.map,nationale_landschappen
nationale_parken,gebieden_speciale_status.map,nationale_parken
natura2000,gebieden_speciale_status.map,natura2000
wetlands,gebieden_speciale_status.map,wetlands
geologische_overzichtskaart,geologie.map,geologische_overzichtskaart
cbs_bodemgebruik_2010,cbs_bodemgebruik.map,cbs_bodemgebruik_2010
cbs_bodemgebruik_2008,cbs_bodemgebruik.map,cbs_bodemgebruik_2008
cbs_bodemgebruik_2006,cbs_bodemgebruik.map,cbs_bodemgebruik_2006
cbs_bodemgebruik_2003,cbs_bodemgebruik.map,cbs_bodemgebruik_2003
cbs_bodemgebruik_2000,cbs_bodemgebruik.map,cbs_bodemgebruik_2000
cbs_bodemgebruik_1996,cbs_bodemgebruik.map,cbs_bodemgebruik_1996
verkiezingen_2010_2kamer_opkomst,verkiezingen_2010.map,verkiezingen_2010_2kamer_opkomst
verkiezingen_2010_2kamer_grootste_partij,verkiezingen_2010.map,verkiezingen_2010_2kamer_grootste_partij
verkiezingen_2010_2kamer_cda,verkiezingen_2010.map,verkiezingen_2010_2kamer_cda
verkiezingen_2010_2kamer_pvda,verkiezingen_2010.map,verkiezingen_2010_2kamer_pvda
verkiezingen_2010_2kamer_sp,verkiezingen_2010.map,verkiezingen_2010_2kamer_sp
verkiezingen_2010_2kamer_vvd,verkiezingen_2010.map,verkiezingen_2010_2kamer_vvd
verkiezingen_2010_2kamer_pvv,verkiezingen_2010.map,verkiezingen_2010_2kamer_pvv
verkiezingen_2010_2kamer_groenlinks,verkiezingen_2010.map,verkiezingen_2010_2kamer_groenlinks
verkiezingen_2010_2kamer_cu,verkiezingen_2010.map,verkiezingen_2010_2kamer_cu
verkiezingen_2010_2kamer_d66,verkiezingen_2010.map,verkiezingen_2010_2kamer_d66
verkiezingen_2010_2kamer_pvdd,verkiezingen_2010.map,verkiezingen_2010_2kamer_pvdd
verkiezingen_2010_2kamer_sgp,verkiezingen_2010.map,verkiezingen_2010_2kamer_sgp
scholieren_verkiezingen_2010_2kamer_grootste_partij,verkiezingen_2010.map,scholieren_verkiezingen_2010_2kamer_grootste_partij
scholieren_verkiezingen_2010_2kamer_cda,verkiezingen_2010.map,scholieren_verkiezingen_2010_2kamer_cda
scholieren_verkiezingen_2010_2kamer_pvda,verkiezingen_2010.map,scholieren_verkiezingen_2010_2kamer_pvda
scholieren_verkiezingen_2010_2kamer_sp,verkiezingen_2010.map,scholieren_verkiezingen_2010_2kamer_sp
scholieren_verkiezingen_2010_2kamer_vvd,verkiezingen_2010.map,scholieren_verkiezingen_2010_2kamer_vvd
scholieren_verkiezingen_2010_2kamer_pvv,verkiezingen_2010.map,scholieren_verkiezingen_2010_2kamer_pvv
scholieren_verkiezingen_2010_2kamer_groenlinks,verkiezingen_2010.map,scholieren_verkiezingen_2010_2kamer_groenlinks
scholieren_verkiezingen_2010_2kamer_cu,verkiezingen_2010.map,scholieren_verkiezingen_2010_2kamer_cu
scholieren_verkiezingen_2010_2kamer_d66,verkiezingen_2010.map,scholieren_verkiezingen_2010_2kamer_d66
scholieren_verkiezingen_2010_2kamer_pvdd,verkiezingen_2010.map,scholieren_verkiezingen_2010_2kamer_pvdd
scholieren_verkiezingen_2010_2kamer_sgp,verkiezingen_2010.map,scholieren_verkiezingen_2010_2kamer_sgp
verandering_verkiezingen_2006_2010_2kamer_opkomst,verkiezingen_2010.map,verandering_verkiezingen_2006_2010_2kamer_opkomst
verandering_verkiezingen_2006_2010_2kamer_vvd,verkiezingen_2010.map,verandering_verkiezingen_2006_2010_2kamer_vvd
verandering_verkiezingen_2006_2010_2kamer_pvda,verkiezingen_2010.map,verandering_verkiezingen_2006_2010_2kamer_pvda
verandering_verkiezingen_2006_2010_2kamer_pvv,verkiezingen_2010.map,verandering_verkiezingen_2006_2010_2kamer_pvv
verandering_verkiezingen_2006_2010_2kamer_cda,verkiezingen_2010.map,verandering_verkiezingen_2006_2010_2kamer_cda
verandering_verkiezingen_2006_2010_2kamer_sp,verkiezingen_2010.map,verandering_verkiezingen_2006_2010_2kamer_sp
verandering_verkiezingen_2006_2010_2kamer_d66,verkiezingen_2010.map,verandering_verkiezingen_2006_2010_2kamer_d66
verandering_verkiezingen_2006_2010_2kamer_groenlinks,verkiezingen_2010.map,verandering_verkiezingen_2006_2010_2kamer_groenlinks
verandering_verkiezingen_2006_2010_2kamer_cu,verkiezingen_2010.map,verandering_verkiezingen_2006_2010_2kamer_cu
verandering_verkiezingen_2006_2010_2kamer_sgp,verkiezingen_2010.map,verandering_verkiezingen_2006_2010_2kamer_sgp
verandering_verkiezingen_2006_2010_2kamer_pvdd,verkiezingen_2010.map,verandering_verkiezingen_2006_2010_2kamer_pvdd
verkiezingen_2012_2kamer_opkomst,verkiezingen_2012.map,verkiezingen_2012_2kamer_opkomst
verkiezingen_2012_2kamer_grootste_partij,verkiezingen_2012.map,verkiezingen_2012_2kamer_grootste_partij
verkiezingen_2012_2kamer_cda,verkiezingen_2012.map,verkiezingen_2012_2kamer_cda
verkiezingen_2012_2kamer_pvda,verkiezingen_2012.map,verkiezingen_2012_2kamer_pvda
verkiezingen_2012_2kamer_sp,verkiezingen_2012.map,verkiezingen_2012_2kamer_sp
verkiezingen_2012_2kamer_vvd,verkiezingen_2012.map,verkiezingen_2012_2kamer_vvd
verkiezingen_2012_2kamer_pvv,verkiezingen_2012.map,verkiezingen_2012_2kamer_pvv
verkiezingen_2012_2kamer_groenlinks,verkiezingen_2012.map,verkiezingen_2012_2kamer_groenlinks
verkiezingen_2012_2kamer_cu,verkiezingen_2012.map,verkiezingen_2012_2kamer_cu
verkiezingen_2012_2kamer_d66,verkiezingen_2012.map,verkiezingen_2012_2kamer_d66
verkiezingen_2012_2kamer_pvdd,verkiezingen_2012.map,verkiezingen_2012_2kamer_pvdd
verkiezingen_2012_2kamer_sgp,verkiezingen_2012.map,verkiezingen_2012_2kamer_sgp
verkiezingen_2012_2kamer_50plus,verkiezingen_2012.map,verkiezingen_2012_2kamer_50plus
scholieren_verkiezingen_2012_2kamer_grootste_partij,verkiezingen_2012.map,scholieren_verkiezingen_2012_2kamer_grootste_partij
scholieren_verkiezingen_2012_2kamer_cda,verkiezingen_2012.map,scholieren_verkiezingen_2012_2kamer_cda
scholieren_verkiezingen_2012_2kamer_pvda,verkiezingen_2012.map,scholieren_verkiezingen_2012_2kamer_pvda
scholieren_verkiezingen_2012_2kamer_sp,verkiezingen_2012.map,scholieren_verkiezingen_2012_2kamer_sp
scholieren_verkiezingen_2012_2kamer_vvd,verkiezingen_2012.map,scholieren_verkiezingen_2012_2kamer_vvd
scholieren_verkiezingen_2012_2kamer_pvv,verkiezingen_2012.map,scholieren_verkiezingen_2012_2kamer_pvv
scholieren_verkiezingen_2012_2kamer_groenlinks,verkiezingen_2012.map,scholieren_verkiezingen_2012_2kamer_groenlinks
scholieren_verkiezingen_2012_2kamer_cu,verkiezingen_2012.map,scholieren_verkiezingen_2012_2kamer_cu
scholieren_verkiezingen_2012_2kamer_d66,verkiezingen_2012.map,scholieren_verkiezingen_2012_2kamer_d66
scholieren_verkiezingen_2012_2kamer_pvdd,verkiezingen_2012.map,scholieren_verkiezingen_2012_2kamer_pvdd
scholieren_verkiezingen_2012_2kamer_sgp,verkiezingen_2012.map,scholieren_verkiezingen_2012_2kamer_sgp
scholieren_verkiezingen_2012_2kamer_50plus,verkiezingen_2012.map,scholieren_verkiezingen_2012_2kamer_50plus
verandering_verkiezingen_2010_2012_2kamer_opkomst,verkiezingen_2012.map,verandering_verkiezingen_2010_2012_2kamer_opkomst
verandering_verkiezingen_2010_2012_2kamer_vvd,verkiezingen_2012.map,verandering_verkiezingen_2010_2012_2kamer_vvd
verandering_verkiezingen_2010_2012_2kamer_pvda,verkiezingen_2012.map,verandering_verkiezingen_2010_2012_2kamer_pvda
verandering_verkiezingen_2010_2012_2kamer_pvv,verkiezingen_2012.map,verandering_verkiezingen_2010_2012_2kamer_pvv
verandering_verkiezingen_2010_2012_2kamer_cda,verkiezingen_2012.map,verandering_verkiezingen_2010_2012_2kamer_cda
verandering_verkiezingen_2010_2012_2kamer_sp,verkiezingen_2012.map,verandering_verkiezingen_2010_2012_2kamer_sp
verandering_verkiezingen_2010_2012_2kamer_d66,verkiezingen_2012.map,verandering_verkiezingen_2010_2012_2kamer_d66
verandering_verkiezingen_2010_2012_2kamer_groenlinks,verkiezingen_2012.map,verandering_verkiezingen_2010_2012_2kamer_groenlinks
verandering_verkiezingen_2010_2012_2kamer_cu,verkiezingen_2012.map,verandering_verkiezingen_2010_2012_2kamer_cu
verandering_verkiezingen_2010_2012_2kamer_sgp,verkiezingen_2012.map,verandering_verkiezingen_2010_2012_2kamer_sgp
verandering_verkiezingen_2010_2012_2kamer_pvdd,verkiezingen_2012.map,verandering_verkiezingen_2010_2012_2kamer_pvdd
china_provincie_bbp_2006,china.map,china_provincie_bbp_2006
china_provincie_bbp_2009,china.map,china_provincie_bbp_2009
china_provincie_migratie_2003,china.map,china_provincie_migratie_2003
china_provincie_import_export_2006,china.map,china_provincie_import_export_2006
china_provincie_bevolking_2006,china.map,china_provincie_bevolking_2006
china_provincie_bevolkingsdichtheid_2006,china.map,china_provincie_bevolkingsdichtheid_2006
china_steden,china.map,china_steden
china_speciale_economische_zone,china.map,china_speciale_economische_zone
china_wereld_handel_2009,china.map,china_wereld_handel_2009
china_wereld_export_2009,china.map,china_wereld_export_2009
china_afrika_handel_2006,china.map,china_afrika_handel_2006
china_afrika_investeringen_2005,china.map,china_afrika_investeringen_2005
wereld_gdp_percapita_constant_2000_2008,wereld_welvaart.map,wereld_gdp_percapita_constant_2000_2008
wereld_miljardairs_per_land_2007,wereld_welvaart.map,wereld_miljardairs_per_land_2007
wereld_miljardairs_per_land_2006,wereld_welvaart.map,wereld_miljardairs_per_land_2006
wereld_miljardairs_per_land_2005,wereld_welvaart.map,wereld_miljardairs_per_land_2005
wereld_miljardairs_per_land_2004,wereld_welvaart.map,wereld_miljardairs_per_land_2004
wereld_co2_per_land_2006,wereld_milieu.map,wereld_co2_per_land_2006
wereld_co2_per_land_2000,wereld_milieu.map,wereld_co2_per_land_2000
wereld_co2_per_land_1990,wereld_milieu.map,wereld_co2_per_land_1990
wereld_co2_per_land_1980,wereld_milieu.map,wereld_co2_per_land_1980
wereld_co2_per_land_1970,wereld_milieu.map,wereld_co2_per_land_1970
wereld_co2_per_land_1960,wereld_milieu.map,wereld_co2_per_land_1960
top10_containers_havens_2008,wereld_transport.map,top10_containers_havens_2008
wereld_teu_per_land_2008,wereld_transport.map,wereld_teu_per_land_2008
wereld_teu_per_land_2000,wereld_transport.map,wereld_teu_per_land_2000
wereld_motorvoertuigen_per_1000_per_land,wereld_transport.map,wereld_motorvoertuigen_per_1000_per_land
levensverwachting_in_jaren_2003,wereld_gezondheid.map,levensverwachting_in_jaren_2003
levensverwachting_vrouwen_in_jaren_2003,wereld_gezondheid.map,levensverwachting_vrouwen_in_jaren_2003
levensverwachting_mannen_in_jaren_2003,wereld_gezondheid.map,levensverwachting_mannen_in_jaren_2003
provincies_inwoneraantal_1988,provincies_inwoners.map,provincies_inwoneraantal_1988
provincies_inwoneraantal_2009,provincies_inwoners.map,provincies_inwoneraantal_2009
provincies_inwoneraantal_2025,provincies_inwoners.map,provincies_inwoneraantal_2025
gemeenten_bouwjaar_gemiddelde,bag_aggregaties.map,gemeenten_bouwjaar_gemiddelde
wijken_bouwjaar_gemiddelde,bag_aggregaties.map,wijken_bouwjaar_gemiddelde
buurten_bouwjaar_gemiddelde,bag_aggregaties.map,buurten_bouwjaar_gemiddelde
gemeenten_bouwjaar_meest_voorkomend,bag_aggregaties.map,gemeenten_bouwjaar_meest_voorkomend
wijken_bouwjaar_meest_voorkomend,bag_aggregaties.map,wijken_bouwjaar_meest_voorkomend
buurten_bouwjaar_meest_voorkomend,bag_aggregaties.map,buurten_bouwjaar_meest_voorkomend
dfa_roads,deforestaction.map,dfa_roads
dfa_rivers,deforestaction.map,dfa_rivers
dfa_threatlevel,deforestaction.map,dfa_threatlevel
dfa_palmrubber,deforestaction.map,dfa_palmrubber
dfa_forestandpeat,deforestaction.map,dfa_forestandpeat
ibag,bag.map,panden
ibag2,ibag.map,panden
iahn,dnahn.map,hoogtes
noordzee_platforms,noordzee.map,noordzee_platforms
noordzee_wrakken,noordzee.map,noordzee_wrakken
noordzee_nap_20,noordzee.map,noordzee_nap_20
noordzee_electra_telecom_kabels,noordzee.map,noordzee_electra_telecom_kabels
noordzee_leidingen,noordzee.map,noordzee_leidingen
noordzee_windparken_turbines,noordzee.map,noordzee_windparken_turbines
noordzee_grens_cp,noordzee.map,noordzee_grens_cp
noordzee_vss_zones,noordzee.map,noordzee_vss_zones
noordzee_wingebieden,noordzee.map,noordzee_wingebieden
noordzee_militair,noordzee.map,noordzee_militair
noordzee_bijzondere_ecologische_waarde,noordzee.map,noordzee_bijzondere_ecologische_waarde
noordzee_diepte,noordzee.map,noordzee_diepte
noordzee_vaargeulen_ncp,noordzee.map,noordzee_vaargeulen_ncp
noordzee_hoogte_kust_2011,noordzee.map,noordzee_hoogte_kust_2011
noordzee_hoogte_kust2_2011,noordzee.map,noordzee_hoogte_kust2_2011
bioscopen_open,bioscopen.map,bioscopen_open
bioscopen_closed,bioscopen.map,bioscopen_closed
bioscopen_1910,bioscopen.map,bioscopen_1910
bioscopen_1920,bioscopen.map,bioscopen_1920
bioscopen_1930,bioscopen.map,bioscopen_1930
bioscopen_1940,bioscopen.map,bioscopen_1940
bioscopen_1950,bioscopen.map,bioscopen_1950
bioscopen_1960,bioscopen.map,bioscopen_1960
bioscopen_1970,bioscopen.map,bioscopen_1970
bioscopen_1980,bioscopen.map,bioscopen_1980
bioscopen_1990,bioscopen.map,bioscopen_1990
bioscopen_2000,bioscopen.map,bioscopen_2000
bioscopen_2010,bioscopen.map,bioscopen_2010
nkn_natuur_vlak,nkn.map,nkn_natuur_vlak
nkn_agrarisch_vlak,nkn.map,nkn_agrarisch_vlak
nkn_recreatie_vlak,nkn.map,nkn_recreatie_vlak
nkn_voorziening_vlak,nkn.map,nkn_voorziening_vlak
nkn_gemengd_vlak,nkn.map,nkn_gemengd_vlak
nkn_werken_vlak,nkn.map,nkn_werken_vlak
nkn_wonen_vlak,nkn.map,nkn_wonen_vlak
nkn_infrastructuur_vlak,nkn.map,nkn_infrastructuur_vlak
nkn_water_vlak,nkn.map,nkn_water_vlak
nkn_alles_vlak,nkn.map,nkn_alles_vlak
nkn_alles_lijn,nkn.map,nkn_alles_lijn
ov_haltes,voorzieningen_ov.map,ov_haltes
bag_to_ov,voorzieningen_ov.map,bag_to_ov
bag_to_treinstation,voorzieningen_ov.map,bag_to_treinstation
voorzieningen_basis_onderwijs,voorzieningen_onderwijs.map,voorzieningen_basis_onderwijs
bag_to_basisschool,voorzieningen_onderwijs.map,bag_to_basisschool
voorzieningen_speciaal_onderwijs_4_12,voorzieningen_onderwijs.map,voorzieningen_speciaal_onderwijs_4_12
bag_to_speciaal_onderwijs_4_12,voorzieningen_onderwijs.map,bag_to_speciaal_onderwijs_4_12
voorzieningen_voortgezet_onderwijs_brugklas,voorzieningen_onderwijs.map,voorzieningen_voortgezet_onderwijs_brugklas
bag_to_brugjaar,voorzieningen_onderwijs.map,bag_to_brugjaar
voorzieningen_voortgezet_onderwijs_vmbo,voorzieningen_onderwijs.map,voorzieningen_voortgezet_onderwijs_vmbo
bag_to_vmbo,voorzieningen_onderwijs.map,bag_to_vmbo
voorzieningen_voortgezet_onderwijs_havo_vwo,voorzieningen_onderwijs.map,voorzieningen_voortgezet_onderwijs_havo_vwo
bag_to_havo_vwo,voorzieningen_onderwijs.map,bag_to_havo_vwo
voorzieningen_speciaal_onderwijs_13_20,voorzieningen_onderwijs.map,voorzieningen_speciaal_onderwijs_13_20
bag_to_speciaal_onderwijs_13_20,voorzieningen_onderwijs.map,bag_to_speciaal_onderwijs_13_20
voorzieningen_bso_kinderdagverblijf,voorzieningen_bso.map,voorzieningen_bso_kinderdagverblijf
voorzieningen_bso_peuterspeelzaal,voorzieningen_bso.map,voorzieningen_bso_peuterspeelzaal
voorzieningen_bso_buitenschoolse_opvang,voorzieningen_bso.map,voorzieningen_bso_buitenschoolse_opvang
voorzieningen_zorg_gezondheid,voorzieningen_zorg.map,voorzieningen_zorg_gezondheid
voorzieningen_zorg_bejaardenoorden,voorzieningen_zorg.map,voorzieningen_zorg_bejaardenoorden
voorzieningen_zorg_niet_zelfredzamen,voorzieningen_zorg.map,voorzieningen_zorg_niet_zelfredzamen